files,size,time
assets,4096,Mon Oct 23 18:38:44 2023
src,4096,Mon Oct 23 18:38:44 2023
requirements.txt,270,Mon Oct 23 18:38:44 2023
index.html,401,Mon Oct 23 18:38:44 2023
README.md,2241,Mon Oct 23 18:38:44 2023
preview.png,148033,Mon Oct 23 18:38:44 2023
README.es.md,2649,Mon Oct 23 18:38:44 2023
.git,4096,Mon Oct 23 18:40:59 2023
thecmdchallenge,4096,Mon Oct 23 18:38:44 2023
.babelrc,595,Mon Oct 23 18:38:44 2023
.github,4096,Mon Oct 23 18:38:44 2023
.gitignore,33,Mon Oct 23 18:38:44 2023
index.js,823,Mon Oct 23 18:38:44 2023
server.js,785,Mon Oct 23 18:38:44 2023
Untitled,0,Mon Oct 23 18:38:44 2023
package-lock.json,874646,Mon Oct 23 18:38:44 2023
slides,4096,Mon Oct 23 18:38:44 2023
learn.json,514,Mon Oct 23 18:38:44 2023
.devcontainer,4096,Mon Oct 23 18:38:44 2023
webpack.config.js,1325,Mon Oct 23 18:38:44 2023
package.json,1903,Mon Oct 23 18:38:44 2023
